Employee,Assessment,Score,Date Completed
Brandi Johnson,"RM12,Core Certification Assessment",87%,10/20/2023
Lisa Bailey,"RM12,Core Certification Assessment",59%,10/19/2023
Jeffery Stewart,"RM12,Core Certification Assessment",100%,10/17/2023
Sharon Rodriguez,"RM12,Core Certification Assessment",84%,10/13/2023
Shelly Daniels,"RM12,Core Certification Assessment",91%,10/13/2023
Daniel Anderson,"RM12,Core Certification Assessment",94%,10/13/2023
Marcia Zimmerman,"RM12,Core Certification Assessment",99%,10/12/2023
Lori Mckinney,"RM12,Core Certification Assessment",93%,10/9/2023
Kendra Hernandez,"RM12,Core Certification Assessment",77%,10/6/2023
Alejandro Carpenter,"RM12,Core Certification Assessment",97%,10/6/2023
Alexander Morris DDS,"RM12,Core Certification Assessment",95%,10/5/2023
Holly Wilson,"RM12,Core Certification Assessment",90%,10/4/2023
Megan Greene,"RM12,Core Certification Assessment",100%,10/4/2023
Anthony Jackson,"RM12,Core Certification Assessment",66%,10/3/2023
Bryan Nunez,"RM12,Core Certification Assessment",57%,10/2/2023
William Huang,"RM12,Core Certification Assessment",89%,9/29/2023
Robert Nguyen,"RM12,Core Certification Assessment",62%,9/29/2023
Stephanie Harmon,"RM12,Core Certification Assessment",98%,9/27/2023
Tiffany Hickman,"RM12,Core Certification Assessment",89%,9/26/2023
Destiny Hernandez,"RM12,Core Certification Assessment",79%,9/26/2023
Kara Schwartz,"RMX,Core Certification Assessment",76%,9/26/2023
Mr. Jerry Cruz,"RM12,Core Certification Assessment",26%,9/25/2023
James Rogers,"RM12,Core Certification Assessment",63%,9/22/2023
Sandra Mckay,"RM12,Core Certification Assessment",100%,9/18/2023
Angela Schaefer,"RM12,Core Certification Assessment",88%,9/15/2023
Ernest Gomez,"RM12,Core Certification Assessment",99%,9/15/2023
Michael Smith,"RM12,Core Certification Assessment",89%,9/15/2023
Pamela Rogers,"RM12,Core Certification Assessment",92%,9/13/2023
Jennifer Butler,"RM12,Core Certification Assessment",44%,9/11/2023
Mark Payne,"RM12,Core Certification Assessment",100%,9/8/2023
Vincent Smith,"RM12,Core Certification Assessment",94%,9/1/2023
Dawn Lewis,"RM12,Core Certification Assessment",95%,9/1/2023
Amy Johnston,"RM12,Core Certification Assessment",97%,8/25/2023
Jenna Smith,"RM12,Core Certification Assessment",93%,8/25/2023
Joanne Rodriguez,"RM12,Core Certification Assessment",94%,8/24/2023
Cynthia Brooks,"RM12,Core Certification Assessment",88%,8/24/2023
Richard Anderson,"RM12,Core Certification Assessment",93%,8/24/2023
John Foster,"RM12,Core Certification Assessment",85%,8/23/2023
Mrs. Ashley Weeks MD,"RM12,Core Certification Assessment",72%,8/22/2023
Susan Bennett,"RM12,Core Certification Assessment",69%,8/18/2023
Kimberly Gilbert,"RM12,Core Certification Assessment",94%,8/18/2023
Natalie Serrano,"RM12,Core Certification Assessment",84%,8/17/2023
Shannon Michael,"RM12,Core Certification Assessment",66%,8/17/2023
Mark Gutierrez,"RM12,Core Certification Assessment",100%,8/17/2023
Jenna Good,"RM12,Core Certification Assessment",91%,8/16/2023
Matthew Watson,"RM12,Core Certification Assessment",96%,8/16/2023
Michael Moore,"RM12,Core Certification Assessment",90%,8/15/2023
Sheila Odom,"RM12,Core Certification Assessment",73%,8/11/2023
Dr. Pamela Davis,"RM12,Core Certification Assessment",71%,8/10/2023
Michael Rodriguez,"RM12,Core Certification Assessment",99%,8/10/2023
Christina White,"RM12,Core Certification Assessment",92%,8/4/2023
Ashley Sanders,"RM12,Core Certification Assessment",94%,8/4/2023
Jason Ross,"RM12,Core Certification Assessment",70%,8/2/2023
Aaron Allen,"RM12,Core Certification Assessment",85%,7/28/2023
Ms. Danielle Santiago,"RM12,Core Certification Assessment",100%,7/28/2023
Michael Young,"RM12,Core Certification Assessment",84%,7/28/2023
Thomas Davis,"RM12,Core Certification Assessment",81%,7/21/2023
Gregory Russell,"RM12,Core Certification Assessment",95%,7/20/2023
Megan Ayala,"RM12,Core Certification Assessment",99%,7/14/2023
Patricia Escobar,"RM12,Core Certification Assessment",86%,7/14/2023
Jason Garcia,"RM12,Core Certification Assessment",87%,7/13/2023
Kristy Roberts,"RM12,Core Certification Assessment",94%,7/7/2023
Patricia Hart,"RM12,Core Certification Assessment",86%,7/7/2023
Michael Alexander,"RM12,Core Certification Assessment",76%,7/6/2023
Kathy Myers,"RM12,Core Certification Assessment",94%,7/6/2023
Sharon Walker,"RM12,Core Certification Assessment",75%,6/30/2023
Connor Sanders,"RM12,Core Certification Assessment",92%,6/29/2023
Dustin Williams,"RM12,Core Certification Assessment",97%,6/28/2023
Christopher Collins,"RM12,Core Certification Assessment",75%,6/23/2023
Lori Hughes,"RM12,Core Certification Assessment",72%,6/23/2023
Sheila Walker,"RM12,Core Certification Assessment",94%,6/19/2023
Laura Patrick,"RM12,Core Certification Assessment",68%,6/16/2023
Wayne Stevens,"RM12,Core Certification Assessment",87%,6/16/2023
Catherine Owen,"RM12,Core Certification Assessment",92%,6/13/2023
Renee Turner,"RM12,Core Certification Assessment",52%,6/9/2023
Jonathan Stewart,"RM12,Core Certification Assessment",89%,6/9/2023
Vanessa Perez,"RM12,Core Certification Assessment",91%,6/9/2023
Anthony Young,"RM12,Core Certification Assessment",97%,6/9/2023
Christopher Simpson,"RM12,Core Certification Assessment",80%,6/2/2023
Michelle Anderson,"RM12,Core Certification Assessment",100%,6/2/2023
Elizabeth Skinner,"RM12,Core Certification Assessment",100%,6/2/2023
Dr. Tyler Davis,"RM12,Core Certification Assessment",90%,6/2/2023
Tracy Collins,"RM12,Core Certification Assessment",84%,5/26/2023
Sean Brown,"RM12,Core Certification Assessment",81%,5/26/2023
Rachel Moore,"RM12,Core Certification Assessment",84%,5/26/2023
James Thomas,"RM12,Core Certification Assessment",74%,5/26/2023
Amy Hall,"RM12,Core Certification Assessment",82%,5/26/2023
Samantha Price,"RM12,Core Certification Assessment",96%,5/25/2023
Madison Morales,"RM12,Core Certification Assessment",57%,5/24/2023
Jeffrey Adams,"RM12,Core Certification Assessment",73%,5/24/2023
Tammy Mora,"RM12,Core Certification Assessment",87%,5/22/2023
Edwin Myers,"RM12,Core Certification Assessment",97%,5/19/2023
Jason Scott,"RM12,Core Certification Assessment",96%,5/19/2023
Tara Hill DDS,"RM12,Core Certification Assessment",100%,5/19/2023
Ashley Mueller,"RM12,Core Certification Assessment",84%,5/19/2023
Colleen Price,"RM12,Core Certification Assessment",86%,5/19/2023
Thomas Lynch,"RM12,Core Certification Assessment",94%,5/19/2023
Michael Howard,"RM12,Core Certification Assessment",90%,5/19/2023
Michael Brown,"RM12,Core Certification Assessment",50%,5/19/2023
Matthew Lopez,"RM12,Core Certification Assessment",88%,5/19/2023
Brandon Ramirez,"RM12,Core Certification Assessment",88%,5/16/2023
Joshua Leonard,"RM12,Core Certification Assessment",93%,5/12/2023
Troy Nunez,"RM12,Core Certification Assessment",92%,5/12/2023
Valerie Watson,"RM12,Core Certification Assessment",84%,5/12/2023
Ronald Collins,"RM12,Core Certification Assessment",92%,5/12/2023
Connor Walker,"RM12,Core Certification Assessment",83%,5/12/2023
Edwin Thomas,"RM12,Core Certification Assessment",90%,5/12/2023
Daniel Gardner,"RM12,Core Certification Assessment",93%,5/12/2023
Thomas Cruz,"RM12,Core Certification Assessment",83%,5/11/2023
Aaron Daniel,"RM12,Core Certification Assessment",76%,5/10/2023
Gregory Hunter,"RM12,Core Certification Assessment",82%,5/9/2023
Amanda Brooks,"RM12,Core Certification Assessment",80%,5/8/2023
Jennifer Mcdonald,"RM12,Core Certification Assessment",67%,5/8/2023
Dawn Walker,"RM12,Core Certification Assessment",94%,5/5/2023
Shelley Anderson,"RM12,Core Certification Assessment",100%,5/5/2023
Tina Graham,"RM12,Core Certification Assessment",82%,5/5/2023
Sarah Ramirez,"RM12,Core Certification Assessment",65%,5/5/2023
Amy Tucker,"RM12,Core Certification Assessment",95%,5/5/2023
Nicole Faulkner,"RM12,Core Certification Assessment",86%,5/4/2023
Chelsea Lane,"RM12,Core Certification Assessment",91%,4/28/2023
Nicholas Smith,"RM12,Core Certification Assessment",86%,4/28/2023
Bryan Miller,"RM12,Core Certification Assessment",83%,4/28/2023
John Gomez,"RM12,Core Certification Assessment",98%,4/28/2023
Jesse Wallace,"RM12,Core Certification Assessment",98%,4/27/2023
Luis Castillo,"RM12,Core Certification Assessment",78%,4/25/2023
Erik Esparza,"RM12,Core Certification Assessment",81%,4/21/2023
Cassandra Smith,"RM12,Core Certification Assessment",91%,4/21/2023
Jesse Hayes,"RM12,Core Certification Assessment",97%,4/21/2023
Tamara Montgomery,"RM12,Core Certification Assessment",91%,4/21/2023
Megan Ford,"RM12,Core Certification Assessment",75%,4/21/2023
Nicholas Ford,"RM12,Core Certification Assessment",63%,4/21/2023
David Velasquez,"RM12,Core Certification Assessment",100%,4/5/2023
Paul Lopez,"RM12,Core Certification Assessment",62%,4/5/2023
Mckenzie Simon,"RM12,Core Certification Assessment",62%,3/30/2023
Angela Pratt,"RM12,Core Certification Assessment",100%,3/30/2023
Jason Freeman,"RM12,Core Certification Assessment",88%,3/17/2023
Ronald Stanley,"RM12,Core Certification Assessment",93%,3/16/2023
Meghan Williams,"RM12,Core Certification Assessment",98%,3/16/2023
Jacob Hunter,"RM12,Core Certification Assessment",97%,3/16/2023
Andrea Best,"RM12,Core Certification Assessment",100%,3/9/2023
Matthew Long,"RM12,Core Certification Assessment",91%,3/9/2023
Felicia Robinson,"RM12,Core Certification Assessment",90%,3/9/2023
Cindy Rasmussen,"RM12,Core Certification Assessment",70%,3/9/2023
Todd Hudson,"RM12,Core Certification Assessment",53%,3/9/2023
Richard Olson,"RM12,Core Certification Assessment",90%,3/9/2023
Bryan Combs,"RM12,Core Certification Assessment",82%,3/2/2023
Sandra Miller,"RM12,Core Certification Assessment",91%,2/24/2023
Tyler Poole,"RM12,Core Certification Assessment",77%,2/23/2023
Wayne Ball,"RM12,Core Certification Assessment",84%,2/23/2023
Sara Reese,"RM12,Core Certification Assessment",88%,2/23/2023
Laurie Thompson,"RM12,Core Certification Assessment",90%,2/23/2023
Meghan Vargas,"RM12,Core Certification Assessment",94%,2/23/2023
Brian Gonzalez PhD,"RM12,Core Certification Assessment",68%,2/23/2023
Melissa Conley,"RM12,Core Certification Assessment",96%,2/23/2023
Brandy Brandt,"RM12,Core Certification Assessment",91%,2/23/2023
Samantha Allen,"RM12,Core Certification Assessment",94%,2/23/2023
Robyn Meyer,"RM12,Core Certification Assessment",100%,2/16/2023
Robyn Klein,"RM12,Core Certification Assessment",86%,2/16/2023
Courtney Johnston,"RM12,Core Certification Assessment",94%,2/10/2023
Samuel Oconnell,"RM12,Core Certification Assessment",97%,2/9/2023
Vanessa Pierce,"RM12,Core Certification Assessment",96%,2/9/2023
Anthony Gilmore,"RM12,Core Certification Assessment",97%,2/9/2023
Jose Rogers,"RM12,Core Certification Assessment",95%,2/2/2023
Benjamin Ramirez,"RM12,Core Certification Assessment",99%,2/2/2023
Gregory Wheeler,"RM12,Core Certification Assessment",99%,2/2/2023
Jennifer Ortiz,"RM12,Core Certification Assessment",92%,2/2/2023
Jason Bennett,"RM12,Core Certification Assessment",98%,2/2/2023
Megan Davis,"RM12,Core Certification Assessment",94%,1/26/2023
Judy Roberts,"RM12,Core Certification Assessment",91%,1/26/2023
Andrea Smith,"RM12,Core Certification Assessment",94%,1/26/2023
Julie Cardenas,"RM12,Core Certification Assessment",87%,1/19/2023
Crystal Werner,"RM12,Core Certification Assessment",70%,1/19/2023
Chase West,"RM12,Core Certification Assessment",74%,1/19/2023
John Parker,"RM12,Core Certification Assessment",83%,1/12/2023
Michelle Brown,"RM12,Core Certification Assessment",99%,1/12/2023
Angela Rowe,"RM12,Bookkeeping Certification",97%,10/26/2023
Michael Lambert,"RM12,Bookkeeping Certification",95%,10/25/2023
Rachael Jenkins,"RM12,Bookkeeping Certification",97%,10/20/2023
Monica Le,"RM12,Bookkeeping Certification",88%,10/18/2023
Christy Johnston,"RMX,Bookkeeping Certification",100%,10/17/2023
George Brooks,"RM12,Bookkeeping Certification",66%,10/6/2023
Dawn Love,"RM12,Bookkeeping Certification",87%,9/29/2023
Luis Rosario,"RM12,Bookkeeping Certification",63%,9/27/2023
Erica Garrett,"RM12,Bookkeeping Certification",97%,9/26/2023
Melissa Robinson,"RM12,Bookkeeping Certification",100%,9/25/2023
Stacey Kennedy,"RM12,Bookkeeping Certification",40%,9/22/2023
Robert Thomas,"RM12,Bookkeeping Certification",64%,9/21/2023
Kayla Johnson,"RMX,Bookkeeping Certification",99%,9/20/2023
Mario Farmer,"RM12,Bookkeeping Certification",96%,8/25/2023
Laura Parker,"RM12,Bookkeeping Certification",97%,8/18/2023
Casey Lynch,"RM12,Bookkeeping Certification",83%,8/17/2023
Todd Stone,"RM12,Bookkeeping Certification",85%,8/16/2023
Amy Hess,"RM12,Bookkeeping Certification",91%,8/11/2023
Kenneth Rogers,"RM12,Bookkeeping Certification",82%,8/11/2023
Jerry Elliott,"RM12,Bookkeeping Certification",100%,7/27/2023
Colleen Robles,"RM12,Bookkeeping Certification",100%,7/27/2023
Michelle Carroll,"RM12,Bookkeeping Certification",97%,7/19/2023
Kayla Jones,"RM12,Bookkeeping Certification",92%,7/6/2023
Marc Hayden,"RM12,Bookkeeping Certification",83%,7/3/2023
Timothy Mckinney,"RM12,Bookkeeping Certification",93%,6/30/2023
Janice Mcintosh,"RM12,Bookkeeping Certification",78%,6/29/2023
Joel Rodriguez,"RM12,Bookkeeping Certification",84%,6/20/2023
Miranda Kelly,"RM12,Bookkeeping Certification",86%,6/15/2023
Virginia Edwards,"RM12,Bookkeeping Certification",77%,6/13/2023
Steven Sullivan,"RM12,Bookkeeping Certification",95%,6/13/2023
Pamela Michael,"RM12,Bookkeeping Certification",76%,6/9/2023
Chad Castillo,"RM12,Bookkeeping Certification",79%,6/8/2023
Tracy Burns PhD,"RM12,Bookkeeping Certification",83%,6/7/2023
Samantha Foster,"RM12,Bookkeeping Certification",98%,5/24/2023
Tracy Henry,"RM12,Bookkeeping Certification",97%,5/24/2023
Christopher Parker,"RM12,Bookkeeping Certification",91%,5/23/2023
Douglas Pennington,"RM12,Bookkeeping Certification",89%,5/22/2023
Dwayne Martin,"RM12,Bookkeeping Certification",46%,5/15/2023
Sara Jimenez,"RM12,Bookkeeping Certification",87%,5/11/2023
Evan Richards,"RM12,Bookkeeping Certification",86%,5/1/2023
Timothy Harrison,"RM12,Bookkeeping Certification",95%,4/20/2023
Lisa Walker,"RM12,Bookkeeping Certification",81%,4/20/2023
Erin Franklin,"RM12,Bookkeeping Certification",99%,4/20/2023
Valerie Hart,"RM12,Bookkeeping Certification",55%,4/20/2023
Julia Powell,"RM12,Bookkeeping Certification",99%,4/20/2023
Christopher Ryan,"RM12,Bookkeeping Certification",90%,4/13/2023
Jesse Burnett,"RM12,Bookkeeping Certification",90%,4/13/2023
Carol Mercado,"RM12,Bookkeeping Certification",87%,4/13/2023
Mark Williams,"RM12,Bookkeeping Certification",96%,4/6/2023
Cindy Harrison,"RM12,Bookkeeping Certification",99%,4/6/2023
Terry Snyder,"RM12,Bookkeeping Certification",100%,4/6/2023
Frank Lopez,"RM12,Bookkeeping Certification",92%,4/6/2023
Michael Cardenas,"RM12,Bookkeeping Certification",100%,3/30/2023
Jeremy Bruce,"RM12,Bookkeeping Certification",84%,3/30/2023
Sherri Wolfe,"RM12,Bookkeeping Certification",90%,3/28/2023
Malik Wallace,"RM12,Bookkeeping Certification",99%,3/24/2023
Ruth Leon,"RM12,Bookkeeping Certification",99%,3/23/2023
Aaron Gonzalez,"RM12,Bookkeeping Certification",89%,3/23/2023
Amanda Miller,"RM12,Bookkeeping Certification",99%,3/23/2023
Frank Perez,"RM12,Bookkeeping Certification",97%,3/23/2023
Leslie Combs,"RM12,Bookkeeping Certification",84%,3/22/2023
Charles Bush,"RM12,Bookkeeping Certification",95%,3/22/2023
Felicia Hawkins,"RM12,Bookkeeping Certification",99%,3/21/2023
Sean Jackson,"RM12,Bookkeeping Certification",87%,3/20/2023
Jessica Mcneil,"RM12,Bookkeeping Certification",91%,3/16/2023
Pedro Odonnell,"RM12,Bookkeeping Certification",94%,3/16/2023
Michael Rodriguez,"RM12,Bookkeeping Certification",93%,3/16/2023
Lindsey Thompson DVM,"RM12,Bookkeeping Certification",96%,3/16/2023
Frank Rivas,"RM12,Bookkeeping Certification",66%,3/9/2023
Valerie Perez,"RM12,Bookkeeping Certification",97%,3/9/2023
Jason Rodriguez,"RM12,Bookkeeping Certification",92%,3/2/2023
Felicia Murphy,"RM12,Bookkeeping Certification",99%,3/2/2023
Joyce Bridges,"RM12,Bookkeeping Certification",95%,3/2/2023
Luis Russell,"RM12,Bookkeeping Certification",86%,3/2/2023
Mario Good,"RM12,Bookkeeping Certification",99%,3/1/2023
Nichole Warren,"RM12,Bookkeeping Certification",82%,2/23/2023
Danny Kelly,"RM12,Bookkeeping Certification",97%,2/19/2023
Anthony Pope,"RM12,Bookkeeping Certification",100%,2/16/2023
Tim Simmons,"RM12,Bookkeeping Certification",96%,2/16/2023
Stephen Long,"RM12,Bookkeeping Certification",98%,2/16/2023
Melanie Nelson,"RM12,Bookkeeping Certification",98%,2/13/2023
Michael Morgan,"RM12,Bookkeeping Certification",95%,2/10/2023
Patrick James,"RM12,Bookkeeping Certification",78%,2/9/2023
Kimberly Ortega,"RM12,Bookkeeping Certification",97%,2/9/2023
Kaitlyn Lucero,"RM12,Bookkeeping Certification",72%,2/9/2023
Christopher Bennett,"RM12,Bookkeeping Certification",99%,2/9/2023
Clayton Jones,"RM12,Bookkeeping Certification",84%,2/7/2023
Denise Morris,"RM12,Bookkeeping Certification",82%,2/6/2023
Holly Barrett,"RM12,Bookkeeping Certification",97%,2/6/2023
Derrick Higgins,"RM12,Bookkeeping Certification",91%,2/6/2023
Jennifer Morrison,"RM12,Bookkeeping Certification",94%,2/3/2023
Thomas Moore,"RM12,Bookkeeping Certification",89%,2/3/2023
Tom Perez,"RM12,Bookkeeping Certification",61%,2/2/2023
Christopher Wilson,"RM12,Bookkeeping Certification",87%,2/2/2023
William Beck,"RM12,Bookkeeping Certification",85%,2/2/2023
Tammy Cruz,"RM12,Bookkeeping Certification",93%,2/2/2023
Dean Nelson,"RM12,Bookkeeping Certification",80%,2/2/2023
Stefanie Rogers,"RM12,Bookkeeping Certification",96%,2/2/2023
Aaron Wright,"RM12,Bookkeeping Certification",98%,2/2/2023
Samantha Nelson,"RM12,Bookkeeping Certification",97%,1/31/2023
Shannon Williams,"RM12,Bookkeeping Certification",96%,1/26/2023
Linda Newman,"RM12,Bookkeeping Certification",95%,1/26/2023
Suzanne Glover,"RM12,Bookkeeping Certification",96%,1/26/2023
Gregory Clark,"RM12,Bookkeeping Certification",84%,1/26/2023
Robert Wood,"RM12,Bookkeeping Certification",94%,1/26/2023
Christopher Patterson,"RM12,Bookkeeping Certification",86%,1/20/2023
Lance Wright,"RM12,Bookkeeping Certification",97%,1/19/2023
Brittany Robles,"RM12,Bookkeeping Certification",99%,1/11/2023
Tracey Hayes,"RM12,Bookkeeping Certification",91%,1/11/2023
Autumn Ellis,"RM12,Bookkeeping Certification",91%,1/6/2023
Lance Joseph,"RM12,Owners and Finance Queue",96%,10/20/2023
Kimberly Evans,"RM12,Owners and Finance Queue",20%,10/20/2023
Jasmine Chavez,"RM12,Owners and Finance Queue",79%,10/20/2023
Cheryl Jordan,"RM12,Owners and Finance Queue",73%,10/18/2023
Jessica Grimes,"RMX,Owners and Finance Queue",100%,10/17/2023
Chad Black,"RM12,Owners and Finance Queue",100%,10/17/2023
Jackie Nelson MD,"RM12,Owners and Finance Queue",80%,10/12/2023
John Lopez,"RM12,Owners and Finance Queue",84%,10/11/2023
Rebecca Garrison,"RM12,Owners and Finance Queue",85%,10/10/2023
Marie Griffith,"RM12,Owners and Finance Queue",77%,10/9/2023
Stephanie Cook,"RM12,Owners and Finance Queue",73%,9/27/2023
Michaela Black,"RM12,Owners and Finance Queue",77%,9/20/2023
Mario Wagner,"RM12,Owners and Finance Queue",87%,9/20/2023
Robert Ortiz,"RM12,Owners and Finance Queue",57%,9/15/2023
Jenna Moore,"RM12,Owners and Finance Queue",76%,9/15/2023
Arthur Scott,"RM12,Owners and Finance Queue",75%,9/11/2023
Elizabeth Contreras,"RM12,Owners and Finance Queue",99%,8/31/2023
Stephen Jones,"RM12,Owners and Finance Queue",87%,8/16/2023
Justin Cruz,"RM12,Owners and Finance Queue",70%,8/11/2023
Robin Stewart,"RM12,Owners and Finance Queue",37%,8/10/2023
Donna Valentine,"RM12,Owners and Finance Queue",85%,7/28/2023
Christopher Harrison,"RM12,Owners and Finance Queue",64%,7/19/2023
Donald Gonzalez,"RM12,Owners and Finance Queue",66%,7/10/2023
Madison Ramirez,"RM12,Owners and Finance Queue",75%,6/30/2023
David Thomas,"RM12,Owners and Finance Queue",87%,6/28/2023
Colleen Mccormick,"RM12,Owners and Finance Queue",97%,6/22/2023
Scott Smith,"RM12,Owners and Finance Queue",82%,6/22/2023
Gary Green,"RM12,Owners and Finance Queue",83%,6/20/2023
Cindy Anderson,"RM12,Owners and Finance Queue",84%,6/15/2023
Danielle Fowler,"RM12,Owners and Finance Queue",72%,6/7/2023
Sarah Cook,"RM12,Owners and Finance Queue",55%,6/7/2023
Laura Sharp PhD,"RM12,Owners and Finance Queue",81%,6/2/2023
Kimberly Swanson,"RM12,Owners and Finance Queue",69%,5/25/2023
Christine Smith,"RM12,Owners and Finance Queue",60%,5/25/2023
Jordan Mosley,"RM12,Owners and Finance Queue",85%,5/24/2023
Gwendolyn Juarez,"RM12,Owners and Finance Queue",76%,5/24/2023
Danielle Rodriguez,"RM12,Owners and Finance Queue",85%,5/21/2023
Mindy Walker,"RM12,Owners and Finance Queue",91%,5/10/2023
Harold Contreras,"RM12,Owners and Finance Queue",87%,5/8/2023
Eileen Smith,"RM12,Owners and Finance Queue",97%,5/5/2023
Mr. Daniel Perez Jr.,"RM12,Owners and Finance Queue",86%,5/5/2023
Stephen Campbell,"RM12,Owners and Finance Queue",99%,5/4/2023
Lance Velasquez,"RM12,Owners and Finance Queue",94%,5/1/2023
Alison Wilcox,"RM12,Owners and Finance Queue",72%,4/27/2023
Dr. Renee Lopez DVM,"RM12,Owners and Finance Queue",99%,4/26/2023
Christina Hernandez,"RM12,Owners and Finance Queue",97%,4/25/2023
Sharon Anderson,"RM12,Owners and Finance Queue",97%,4/24/2023
Raymond Miller,"RM12,Owners and Finance Queue",86%,4/13/2023
Mariah Chung,"RM12,Owners and Finance Queue",73%,4/6/2023
Steven Ramsey,"RM12,Owners and Finance Queue",100%,4/5/2023
Linda Vasquez,"RM12,Owners and Finance Queue",83%,3/30/2023
Zachary Martin,"RM12,Owners and Finance Queue",92%,3/29/2023
Shannon Lam,"RM12,Owners and Finance Queue",51%,3/24/2023
Anne Pennington,"RM12,Owners and Finance Queue",88%,3/16/2023
Melissa Smith,"RM12,Owners and Finance Queue",83%,3/9/2023
Mitchell Evans,"RM12,Owners and Finance Queue",93%,3/9/2023
Jonathan Jackson,"RM12,Owners and Finance Queue",92%,3/3/2023
Manuel Everett,"RM12,Owners and Finance Queue",74%,2/23/2023
Lisa Rivera,"RM12,Owners and Finance Queue",97%,2/23/2023
Ryan Smith,"RM12,Owners and Finance Queue",59%,2/21/2023
Cody Robinson,"RM12,Owners and Finance Queue",99%,2/20/2023
Jonathan Alexander,"RM12,Owners and Finance Queue",89%,2/16/2023
Jessica Martin MD,"RM12,Owners and Finance Queue",90%,2/9/2023
Christopher Martin,"RM12,Owners and Finance Queue",73%,2/7/2023
Destiny Edwards,"RM12,Owners and Finance Queue",89%,1/26/2023
Pamela Garcia,"RM12,Scripting Certification Assessment",84%,10/27/2023
Donna Bates,"RM12,Scripting Certification Assessment",81%,10/24/2023
Sarah Evans,"RM12,Scripting Certification Assessment",65%,10/19/2023
Michael Conrad,"RM12,Scripting Certification Assessment",100%,10/16/2023
Tiffany David,"RM12,Scripting Certification Assessment",83%,10/13/2023
Anthony Hanson,"RM12,Scripting Certification Assessment",98%,10/13/2023
Rebecca Gross,"RM12,Scripting Certification Assessment",83%,9/27/2023
Timothy Conner,"RM12,Scripting Certification Assessment",50%,9/27/2023
Robert Taylor,"RM12,Scripting Certification Assessment",93%,9/26/2023
Jenna Freeman,"RM12,Scripting Certification Assessment",39%,9/26/2023
William Wheeler,"RM12,Scripting Certification Assessment",42%,9/26/2023
Barry Miller,"RM12,Scripting Certification Assessment",87%,9/26/2023
Miss Amanda Cox,"RM12,Scripting Certification Assessment",56%,9/26/2023
Karen Ray,"RM12,Scripting Certification Assessment",94%,9/25/2023
Deanna Smith,"RM12,Scripting Certification Assessment",63%,9/21/2023
Brenda Hughes,"RM12,Scripting Certification Assessment",43%,9/21/2023
Sherry Lopez,"RM12,Scripting Certification Assessment",56%,9/20/2023
Donald Brown,"RM12,Scripting Certification Assessment",72%,9/20/2023
Destiny Richards,"RM12,Scripting Certification Assessment",37%,9/1/2023
Heather Wong,"RM12,Scripting Certification Assessment",80%,8/29/2023
Yvonne Ortiz,"RM12,Scripting Certification Assessment",64%,8/25/2023
Donald Roberts,"RM12,Scripting Certification Assessment",54%,8/24/2023
Calvin Smith,"RM12,Scripting Certification Assessment",81%,8/24/2023
Matthew Nelson,"RM12,Scripting Certification Assessment",79%,8/24/2023
Melissa Knight,"RM12,Scripting Certification Assessment",13%,8/21/2023
Jacqueline Boone,"RM12,Scripting Certification Assessment",51%,8/21/2023
Hector Ramsey,"RM12,Scripting Certification Assessment",98%,8/18/2023
Jorge Bennett,"RM12,Scripting Certification Assessment",91%,8/14/2023
Hunter Weeks,"RM12,Scripting Certification Assessment",52%,7/28/2023
Daniel Weiss,"RM12,Scripting Certification Assessment",89%,7/25/2023
Jonathan Smith,"RM12,Scripting Certification Assessment",98%,7/21/2023
Susan Davis,"RM12,Scripting Certification Assessment",92%,7/14/2023
Victoria Jones,"RM12,Scripting Certification Assessment",76%,7/12/2023
Sue Lozano,"RM12,Scripting Certification Assessment",76%,7/11/2023
Nicole Barry,"RM12,Scripting Certification Assessment",58%,7/6/2023
Franklin White,"RM12,Scripting Certification Assessment",22%,7/5/2023
Veronica Marsh,"RM12,Scripting Certification Assessment",85%,6/23/2023
Mary Kidd,"RM12,Scripting Certification Assessment",77%,6/22/2023
Bryan Schmidt,"RM12,Scripting Certification Assessment",74%,5/19/2023
Benjamin Robinson,"RM12,Scripting Certification Assessment",79%,5/18/2023
Ethan Harrison,"RM12,Scripting Certification Assessment",91%,5/18/2023
Sierra Harper,"RM12,Scripting Certification Assessment",78%,5/16/2023
Hannah Smith,"RM12,Scripting Certification Assessment",75%,5/11/2023
Pamela Gonzalez,"RM12,Scripting Certification Assessment",40%,5/10/2023
Elizabeth Lopez,"RM12,Scripting Certification Assessment",80%,5/4/2023
Andrew Mejia,"RM12,Scripting Certification Assessment",80%,5/2/2023
Cynthia Bush,"RM12,Scripting Certification Assessment",96%,4/17/2023
Joseph Daugherty,"RM12,Scripting Certification Assessment",71%,4/6/2023
Brandon Richardson,"RM12,Scripting Certification Assessment",66%,4/5/2023
John Jones,"RM12,Scripting Certification Assessment",89%,4/4/2023
Anthony Miller,"RM12,Scripting Certification Assessment",74%,4/4/2023
Michael White,"RM12,Scripting Certification Assessment",88%,3/17/2023
Amber White,"RM12,Scripting Certification Assessment",61%,3/16/2023
Stacy Montgomery,"RM12,Scripting Certification Assessment",62%,3/13/2023
Nicole Rogers,"RM12,Scripting Certification Assessment",71%,3/10/2023
Brandi Gross,"RM12,RM Certification: Mobile Knowledge",88%,10/26/2023
Andrew Pearson,"RM12,RM Certification: Mobile Knowledge",80%,10/23/2023
Elizabeth Nguyen,"RM12,RM Certification: Mobile Knowledge",100%,10/13/2023
Jonathan Thompson,"RM12,RM Certification: Mobile Knowledge",82%,10/5/2023
Vicki Jones,"RM12,RM Certification: Mobile Knowledge",94%,9/29/2023
Rebecca Thompson,"RM12,RM Certification: Mobile Knowledge",97%,9/27/2023
John Williams,"RM12,RM Certification: Mobile Knowledge",94%,9/20/2023
Frank Kim,"RM12,RM Certification: Mobile Knowledge",80%,9/7/2023
Rebecca Brown MD,"RM12,RM Certification: Mobile Knowledge",85%,8/29/2023
Karen Walker,"RM12,RM Certification: Mobile Knowledge",68%,8/29/2023
Ryan Jenkins,"RM12,RM Certification: Mobile Knowledge",88%,8/22/2023
Michelle Branch DVM,"RM12,RM Certification: Mobile Knowledge",97%,8/18/2023
John Brewer,"RM12,RM Certification: Mobile Knowledge",77%,8/14/2023
Christopher Silva,"RM12,RM Certification: Mobile Knowledge",82%,8/10/2023
Elijah Ramirez,"RM12,RM Certification: Mobile Knowledge",97%,8/10/2023
Amy Combs,"RM12,RM Certification: Mobile Knowledge",80%,8/9/2023
David Miller,"RM12,RM Certification: Mobile Knowledge",91%,8/1/2023
Matthew Wheeler,"RM12,RM Certification: Mobile Knowledge",80%,7/31/2023
Theresa Barr,"RM12,RM Certification: Mobile Knowledge",85%,7/31/2023
Barbara Cordova,"RM12,RM Certification: Mobile Knowledge",85%,7/31/2023
Debra Hopkins,"RM12,RM Certification: Mobile Knowledge",82%,7/20/2023
Amanda Barrett,"RM12,RM Certification: Mobile Knowledge",94%,7/17/2023
Donna Daniel,"RM12,RM Certification: Mobile Knowledge",88%,7/10/2023
Jill Mayo,"RM12,RM Certification: Mobile Knowledge",80%,7/7/2023
Tina Owens,"RM12,RM Certification: Mobile Knowledge",94%,7/7/2023
Christine Myers,"RM12,RM Certification: Mobile Knowledge",97%,7/6/2023
Raymond Randolph,"RM12,RM Certification: Mobile Knowledge",80%,6/19/2023
Sylvia James,"RM12,RM Certification: Mobile Knowledge",94%,6/9/2023
Matthew Glover,"RM12,RM Certification: Mobile Knowledge",85%,6/7/2023
Joe Hamilton,"RM12,RM Certification: Mobile Knowledge",77%,6/5/2023
Steven Matthews,"RM12,RM Certification: Mobile Knowledge",85%,5/30/2023
Kayla Miller,"RM12,RM Certification: Mobile Knowledge",85%,5/23/2023
John Perkins,"RM12,RM Certification: Mobile Knowledge",82%,5/19/2023
Matthew Hutchinson,"RM12,RM Certification: Mobile Knowledge",85%,5/8/2023
Amber Gonzalez,"RM12,RM Certification: Mobile Knowledge",97%,4/19/2023
Stephanie Shepherd,"RM12,RM Certification: Mobile Knowledge",85%,4/7/2023
Riley Ray,"RM12,RM Certification: Mobile Knowledge",82%,4/6/2023
Leslie White,"RM12,RM Certification: Mobile Knowledge",80%,4/4/2023
Jeffrey Moore,"RM12,RM Certification: Mobile Knowledge",80%,4/3/2023
Mark Franklin,"RM12,RM Certification: Mobile Knowledge",48%,3/30/2023
Alexandra Walker,"RM12,RM Certification: Mobile Knowledge",100%,3/29/2023
Donald Soto,"RM12,RM Certification: Mobile Knowledge",80%,3/28/2023
Teresa Lee,"RM12,RM Certification: Mobile Knowledge",100%,3/28/2023
Kenneth Jones,"RM12,RM Certification: Mobile Knowledge",97%,3/27/2023
Aaron Oliver,"RM12,RM Certification: Mobile Knowledge",91%,3/24/2023
Jill Riley,"RM12,RM Certification: Mobile Knowledge",94%,3/20/2023
Jesse Thomas,"RM12,RM Certification: Mobile Knowledge",100%,3/20/2023
Craig Gordon,"RM12,RM Certification: Mobile Knowledge",88%,3/15/2023
Andrea Alvarez,"RM12,RM Certification: Mobile Knowledge",80%,3/15/2023
Robin Carroll,"RM12,RM Certification: Mobile Knowledge",88%,3/2/2023
George Todd,"RM12,RM Certification: Mobile Knowledge",94%,2/23/2023
Bradley Keller,"RM12,RM Certification: Mobile Knowledge",94%,2/20/2023
Gregory Williams,"RM12,RM Certification: Mobile Knowledge",82%,2/10/2023
Angela Miller,"RM12,RM Certification: Mobile Knowledge",94%,2/7/2023
Lori Cobb,"RM12,RM Certification: Mobile Knowledge",91%,1/27/2023
James Cook,"RM12,RM Certification: Mobile Knowledge",91%,1/26/2023
Casey Fleming,"RM12,RM Certification: Mobile Knowledge",94%,1/26/2023
Bethany Lindsey,"RM12,RM Certification: Mobile Knowledge",82%,1/24/2023
Jennifer Campos,"RM12,RM Certification: Mobile Knowledge",91%,1/24/2023
Mary Parrish,"RM12,RM Certification: Mobile Knowledge",88%,1/23/2023
Mr. Pedro Medina,"RM12,RM Certification: Mobile Knowledge",88%,1/20/2023
Adam Montgomery,"RM12,RM Certification: Mobile Knowledge",94%,1/18/2023
Michael Delgado,"RM12,RM Certification: Mobile Knowledge",84%,1/16/2023
Alexander Charles,"RM12,RM Certification: Mobile Knowledge",83%,1/13/2023
Jordan Mason,"RM12,RM Certification: Mobile Knowledge",69%,1/13/2023
Daniel Moore,"RM12,RM Certification: General Knowledge",66%,10/17/2023
Daniel Hill,"RM12,RM Certification: General Knowledge",100%,10/9/2023
Ms. Elizabeth Johnson,"RM12,RM Certification: General Knowledge",94%,9/28/2023
Cheryl Vincent,"RM12,RM Certification: General Knowledge",92%,9/11/2023
Carlos Ortega,"RM12,RM Certification: General Knowledge",83%,9/8/2023
Alan Scott,"RM12,RM Certification: General Knowledge",98%,9/8/2023
Matthew Campbell,"RM12,RM Certification: General Knowledge",88%,8/21/2023
Vincent Miranda,"RM12,RM Certification: General Knowledge",81%,8/2/2023
Susan Douglas,"RM12,RM Certification: General Knowledge",92%,7/21/2023
Julian Campbell,"RM12,RM Certification: General Knowledge",87%,7/10/2023
Dr. Mike Quinn,"RM12,RM Certification: General Knowledge",96%,7/7/2023
Hannah Sandoval,"RM12,RM Certification: General Knowledge",81%,7/6/2023
Bryan Stein,"RM12,RM Certification: General Knowledge",81%,7/6/2023
Kristen Blankenship,"RM12,RM Certification: General Knowledge",87%,6/29/2023
Leslie Patterson,"RM12,RM Certification: General Knowledge",90%,6/1/2023
Kendra Wells,"RM12,RM Certification: General Knowledge",88%,5/26/2023
Cynthia Brandt,"RM12,RM Certification: General Knowledge",83%,5/25/2023
Rebecca Berry,"RM12,RM Certification: General Knowledge",94%,5/19/2023
John Mitchell,"RM12,RM Certification: General Knowledge",92%,5/19/2023
Anita Lopez,"RM12,RM Certification: General Knowledge",75%,5/4/2023
Patty Robertson,"RM12,RM Certification: General Knowledge",98%,5/1/2023
Patricia Mcguire,"RM12,RM Certification: General Knowledge",96%,4/25/2023
Harry Stephens,"RM12,RM Certification: General Knowledge",88%,4/19/2023
Anthony Flynn,"RM12,RM Certification: General Knowledge",85%,4/13/2023
Eric Clements,"RM12,RM Certification: General Knowledge",96%,4/11/2023
Bruce Farmer,"RM12,RM Certification: General Knowledge",94%,4/10/2023
Katherine Tate,"RM12,RM Certification: General Knowledge",92%,4/10/2023
Amy Porter,"RM12,RM Certification: General Knowledge",90%,4/7/2023
Kimberly Kline,"RM12,RM Certification: General Knowledge",83%,4/4/2023
Brian Barnes,"RM12,RM Certification: General Knowledge",88%,4/3/2023
Lisa Lee,"RM12,RM Certification: General Knowledge",96%,3/30/2023
Lisa Rivera,"RM12,RM Certification: General Knowledge",92%,3/28/2023
Jacqueline Koch,"RM12,RM Certification: General Knowledge",83%,3/22/2023
William Ortiz,"RM12,RM Certification: General Knowledge",88%,3/15/2023
Lauren Johnson,"RM12,RM Certification: General Knowledge",94%,3/9/2023
Tiffany Miller,"RM12,RM Certification: General Knowledge",94%,3/9/2023
David Johnson,"RM12,RM Certification: General Knowledge",94%,3/9/2023
Kyle Wells,"RM12,RM Certification: General Knowledge",87%,3/8/2023
Ryan Wilson,"RM12,RM Certification: General Knowledge",87%,3/8/2023
Brianna Ingram,"RM12,RM Certification: General Knowledge",87%,3/3/2023
Daniel Allison,"RM12,RM Certification: General Knowledge",87%,3/2/2023
Tiffany Simmons,"RM12,RM Certification: General Knowledge",88%,2/28/2023
Willie Perry,"RM12,RM Certification: General Knowledge",87%,2/24/2023
Michael Clark,"RM12,RM Certification: General Knowledge",94%,2/22/2023
Joshua Murray,"RM12,RM Certification: General Knowledge",94%,2/20/2023
Andrew Patel,"RM12,RM Certification: General Knowledge",100%,2/17/2023
Andrea Adams,"RM12,RM Certification: General Knowledge",81%,2/17/2023
Thomas Weber,"RM12,RM Certification: General Knowledge",90%,2/17/2023
Brittany Smith DVM,"RM12,RM Certification: General Knowledge",80%,2/16/2023
Krista Bradley,"RM12,RM Certification: General Knowledge",92%,2/15/2023
Holly Gregory,"RM12,RM Certification: General Knowledge",81%,2/15/2023
Renee Collins,"RM12,RM Certification: General Knowledge",80%,2/14/2023
Melissa Williamson,"RM12,RM Certification: General Knowledge",94%,2/13/2023
Makayla Page,"RM12,RM Certification: General Knowledge",90%,2/9/2023
Cody Anderson,"RM12,RM Certification: General Knowledge",90%,2/8/2023
Mrs. Melissa Thomas,"RM12,RM Certification: General Knowledge",96%,2/7/2023
Timothy Koch,"RM12,RM Certification: General Knowledge",92%,2/6/2023
Sarah Fisher,"RM12,RM Certification: General Knowledge",94%,2/2/2023
Connie Larson,"RM12,RM Certification: General Knowledge",83%,2/2/2023
David Trujillo,"RM12,RM Certification: General Knowledge",89%,2/1/2023
Joshua Garcia,"RM12,RM Certification: General Knowledge",89%,1/30/2023
Willie Rose,"RM12,RM Certification: General Knowledge",85%,1/27/2023
Dwayne Munoz,"RM12,RM Certification: General Knowledge",83%,1/27/2023
Phyllis Osborne,"RM12,RM Certification: General Knowledge",92%,1/27/2023
Amanda Daniels,"RM12,RM Certification: General Knowledge",82%,1/26/2023
Nicholas Martinez,"RM12,RM Certification: General Knowledge",85%,1/26/2023
Michael Bishop,"RM12,RM Certification: General Knowledge",94%,1/26/2023
Patricia Richmond,"RM12,RM Certification: General Knowledge",92%,1/25/2023
Jennifer Martin,"RM12,RM Certification: General Knowledge",92%,1/25/2023
Ashley Williams,"RM12,RM Certification: General Knowledge",94%,1/25/2023
Kimberly Norris,"RM12,RM Certification: General Knowledge",100%,1/25/2023
Madison Moran,"RM12,RM Certification: General Knowledge",80%,1/25/2023
Mr. Martin Mason,"RM12,RM Certification: General Knowledge",96%,1/23/2023
John Rodriguez,"RM12,RM Certification: General Knowledge",80%,1/23/2023
Karen Lopez,"RM12,RM Certification: General Knowledge",87%,1/23/2023
Sarah Owens,"RM12,RM Certification: General Knowledge",91%,1/23/2023
Gregory Wilson,"RM12,RM Certification: General Knowledge",98%,1/18/2023
James Norris,"RM12,RM Certification: General Knowledge",95%,1/18/2023
Brandy Jackson,"RM12,RM Certification: General Knowledge",96%,1/17/2023
Stephanie White,"RM12,RM Certification: General Knowledge",85%,1/17/2023
Brenda Mosley,"RM12,RM Certification: General Knowledge",95%,1/17/2023
Bonnie Jones,"RM12,RM Certification: General Knowledge",88%,1/16/2023
Rita Stafford,"RM12,RM Certification: General Knowledge",91%,1/16/2023
Jon Turner,"RM12,RM Certification: General Knowledge",85%,1/13/2023
Michael Sanchez,"RM12,RM Certification: General Knowledge",93%,1/13/2023
Michael Blair,"RM12,RM Certification: General Knowledge",91%,1/11/2023
Tiffany Johnson DDS,"RM12,RM Certification: Integrations Knowledge",76%,10/27/2023
Mark Powell,"RM12,RM Certification: Integrations Knowledge",94%,10/19/2023
Joshua Martinez,"RM12,RM Certification: Integrations Knowledge",94%,10/18/2023
Stacy Lopez,"RM12,RM Certification: Integrations Knowledge",97%,10/18/2023
Matthew Herrera,"RM12,RM Certification: Integrations Knowledge",91%,10/12/2023
Eric Foster,"RM12,RM Certification: Integrations Knowledge",91%,9/29/2023
Casey Riley,"RM12,RM Certification: Integrations Knowledge",97%,9/29/2023
Susan Love,"RM12,RM Certification: Integrations Knowledge",91%,9/22/2023
Kevin Beard,"RM12,RM Certification: Integrations Knowledge",76%,9/22/2023
Jonathan Payne,"RM12,RM Certification: Integrations Knowledge",85%,9/15/2023
Cynthia Zavala,"RM12,RM Certification: Integrations Knowledge",85%,9/13/2023
Dawn Morris MD,"RM12,RM Certification: Integrations Knowledge",85%,9/12/2023
Taylor Lewis,"RM12,RM Certification: Integrations Knowledge",88%,9/11/2023
Heather Larsen,"RM12,RM Certification: Integrations Knowledge",100%,9/5/2023
Mrs. Michelle Ramsey,"RM12,RM Certification: Integrations Knowledge",91%,9/1/2023
Jonathan Hart Jr.,"RM12,RM Certification: Integrations Knowledge",73%,8/14/2023
Angela Wilson,"RM12,RM Certification: Integrations Knowledge",100%,8/3/2023
Kelly Thomas,"RM12,RM Certification: Integrations Knowledge",97%,8/1/2023
Bruce Nelson,"RM12,RM Certification: Integrations Knowledge",94%,7/31/2023
Dustin Malone,"RM12,RM Certification: Integrations Knowledge",94%,7/11/2023
Javier Rivera,"RM12,RM Certification: Integrations Knowledge",88%,7/11/2023
Emily Hughes,"RM12,RM Certification: Integrations Knowledge",85%,6/26/2023
Chelsea Miller,"RM12,RM Certification: Integrations Knowledge",97%,6/13/2023
Cody Brown,"RM12,RM Certification: Integrations Knowledge",91%,6/9/2023
Timothy Hawkins,"RM12,RM Certification: Integrations Knowledge",94%,6/7/2023
Jordan Cortez,"RM12,RM Certification: Integrations Knowledge",79%,5/25/2023
Lori Newman,"RM12,RM Certification: Integrations Knowledge",94%,5/24/2023
Cheryl Brewer,"RM12,RM Certification: Integrations Knowledge",100%,5/19/2023
Timothy Andersen,"RM12,RM Certification: Integrations Knowledge",85%,5/11/2023
Christopher Stark,"RM12,RM Certification: Integrations Knowledge",100%,5/9/2023
Mr. Eric Levy,"RM12,RM Certification: Integrations Knowledge",94%,5/8/2023
Kathy Alexander DDS,"RM12,RM Certification: Integrations Knowledge",94%,4/28/2023
Jeffrey Ford,"RM12,RM Certification: Integrations Knowledge",91%,4/19/2023
Gail Moore,"RM12,RM Certification: Integrations Knowledge",88%,4/19/2023
Kiara Craig,"RM12,RM Certification: Integrations Knowledge",94%,4/14/2023
Ronald Roberts,"RM12,RM Certification: Integrations Knowledge",100%,4/13/2023
John Anderson,"RM12,RM Certification: Integrations Knowledge",100%,4/13/2023
Daniel Murphy,"RM12,RM Certification: Integrations Knowledge",97%,4/3/2023
Jason Watkins,"RM12,RM Certification: Integrations Knowledge",97%,3/29/2023
Karen Wilcox,"RM12,RM Certification: Integrations Knowledge",85%,3/28/2023
Kevin Barry,"RM12,RM Certification: Integrations Knowledge",94%,3/23/2023
Mrs. Andrea Hughes DDS,"RM12,RM Certification: Integrations Knowledge",97%,3/23/2023
Victoria Dickson,"RM12,RM Certification: Integrations Knowledge",91%,3/22/2023
Carrie Mccullough,"RM12,RM Certification: Integrations Knowledge",85%,3/22/2023
Brandy Rogers,"RM12,RM Certification: Integrations Knowledge",82%,3/20/2023
Steven Zuniga,"RM12,RM Certification: Integrations Knowledge",88%,3/17/2023
Emily Clark,"RM12,RM Certification: Integrations Knowledge",91%,3/2/2023
Sherry Martinez,"RM12,RM Certification: Integrations Knowledge",85%,2/16/2023
Jessica Johnson,"RM12,RM Certification: Integrations Knowledge",91%,2/9/2023
Brett Arellano,"RM12,RM Certification: Integrations Knowledge",88%,2/9/2023
Kimberly Walker,"RM12,RM Certification: Integrations Knowledge",82%,2/6/2023
Karen Spence MD,"RM12,RM Certification: Integrations Knowledge",85%,2/3/2023
Daniel Fisher,"RM12,RM Certification: Integrations Knowledge",94%,2/2/2023
Elizabeth Mercado,"RM12,RM Certification: Integrations Knowledge",88%,1/31/2023
Christopher Campbell,"RM12,RM Certification: Integrations Knowledge",97%,1/25/2023
James Johnston,"RM12,RM Certification: Technical Knowledge",88%,10/23/2023
Shane Spence,"RM12,RM Certification: Technical Knowledge",85%,10/18/2023
Chelsea Lewis,"RM12,RM Certification: Technical Knowledge",88%,10/5/2023
Christopher Williamson,"RM12,RM Certification: Technical Knowledge",88%,10/3/2023
Tina Gomez,"RM12,RM Certification: Technical Knowledge",92%,10/2/2023
Jessica Reed,"RM12,RM Certification: Technical Knowledge",85%,9/28/2023
Rebecca Scott,"RM12,RM Certification: Technical Knowledge",85%,9/25/2023
Nathan Daugherty,"RM12,RM Certification: Technical Knowledge",70%,9/20/2023
Kimberly Bishop,"RM12,RM Certification: Technical Knowledge",81%,9/20/2023
Tonya Graves,"RM12,RM Certification: Technical Knowledge",92%,9/15/2023
Jennifer Walsh,"RM12,RM Certification: Technical Knowledge",88%,9/14/2023
Tiffany Martin,"RM12,RM Certification: Technical Knowledge",92%,8/30/2023
Troy Watson,"RM12,RM Certification: Technical Knowledge",96%,8/23/2023
Jasmine Pope,"RM12,RM Certification: Technical Knowledge",88%,8/22/2023
Bradley Porter,"RM12,RM Certification: Technical Knowledge",81%,8/17/2023
Nancy Vance,"RM12,RM Certification: Technical Knowledge",81%,8/9/2023
David Green,"RM12,RM Certification: Technical Knowledge",92%,7/28/2023
Kristine Lewis,"RM12,RM Certification: Technical Knowledge",96%,6/27/2023
Kevin Todd,"RM12,RM Certification: Technical Knowledge",92%,6/21/2023
Renee Wyatt,"RM12,RM Certification: Technical Knowledge",88%,6/21/2023
James Chase,"RM12,RM Certification: Technical Knowledge",85%,6/9/2023
Dr. Kristen Jones,"RM12,RM Certification: Technical Knowledge",100%,6/7/2023
David Mckinney,"RM12,RM Certification: Technical Knowledge",100%,5/24/2023
James Thompson,"RM12,RM Certification: Technical Knowledge",81%,5/23/2023
John Christian,"RM12,RM Certification: Technical Knowledge",96%,5/22/2023
Danielle Miles,"RM12,RM Certification: Technical Knowledge",92%,5/19/2023
Sean Lyons,"RM12,RM Certification: Technical Knowledge",81%,5/18/2023
Joshua Garrett,"RM12,RM Certification: Technical Knowledge",96%,5/18/2023
Candace Allen,"RM12,RM Certification: Technical Knowledge",92%,5/16/2023
Carlos Harris,"RM12,RM Certification: Technical Knowledge",85%,5/9/2023
Sara White,"RM12,RM Certification: Technical Knowledge",92%,5/5/2023
Dr. Donna Williams,"RM12,RM Certification: Technical Knowledge",92%,4/28/2023
Nicole Perez,"RM12,RM Certification: Technical Knowledge",88%,4/26/2023
Susan Lee,"RM12,RM Certification: Technical Knowledge",96%,4/25/2023
Derrick Gomez,"RM12,RM Certification: Technical Knowledge",100%,4/25/2023
Diane Pacheco MD,"RM12,RM Certification: Technical Knowledge",96%,4/25/2023
Mr. Edward Valenzuela,"RM12,RM Certification: Technical Knowledge",100%,4/21/2023
Gregory Washington,"RM12,RM Certification: Technical Knowledge",88%,4/21/2023
Dylan Noble,"RM12,RM Certification: Technical Knowledge",100%,4/21/2023
Patricia Sanchez,"RM12,RM Certification: Technical Knowledge",88%,4/11/2023
Michelle Roberts,"RM12,RM Certification: Technical Knowledge",88%,4/10/2023
Amy Leach,"RM12,RM Certification: Technical Knowledge",100%,4/4/2023
Susan Powell,"RM12,RM Certification: Technical Knowledge",85%,3/27/2023
Sally Hernandez,"RM12,RM Certification: Technical Knowledge",85%,3/16/2023
Melissa Lewis,"RM12,RM Certification: Technical Knowledge",100%,3/9/2023
Virginia Burns,"RM12,RM Certification: Technical Knowledge",100%,3/9/2023
Carolyn Brown,"RM12,RM Certification: Technical Knowledge",85%,3/7/2023
Courtney Jones,"RM12,RM Certification: Technical Knowledge",88%,3/6/2023
Kelly Haley,"RM12,RM Certification: Technical Knowledge",92%,2/23/2023
Anthony Terry,"RM12,RM Certification: Technical Knowledge",81%,2/22/2023
Jessica Beasley,"RM12,RM Certification: Technical Knowledge",92%,2/21/2023
Sarah Pierce,"RM12,RM Certification: Technical Knowledge",92%,2/20/2023
Valerie Mcdonald,"RM12,RM Certification: Technical Knowledge",92%,2/20/2023
Kara Miller,"RM12,RM Certification: Technical Knowledge",100%,2/17/2023
Dr. Sarah Perez,"RM12,RM Certification: Technical Knowledge",92%,2/17/2023
Jason Harper,"RM12,RM Certification: Technical Knowledge",92%,2/9/2023
Kimberly Sanchez,"RM12,RM Certification: Technical Knowledge",96%,2/3/2023
Joseph Ramsey,"RM12,RM Certification: Technical Knowledge",92%,2/2/2023
Morgan Rogers,"RM12,RM Certification: Technical Knowledge",96%,2/2/2023
Timothy Schneider,"RM12,RM Certification: Technical Knowledge",96%,1/30/2023
Marco Morales,"RM12,RM Certification: Technical Knowledge",92%,1/30/2023
Linda Stephens,"RM12,RM Certification: Technical Knowledge",81%,1/27/2023
Stephanie Harrison,"RM12,RM Certification: Technical Knowledge",88%,1/27/2023
Johnny Carroll,"RM12,RM Certification: Technical Knowledge",96%,1/27/2023
Amber Park,"RM12,RM Certification: Technical Knowledge",96%,1/26/2023
Karen Smith,"RM12,RM Certification: Technical Knowledge",92%,1/26/2023
Kelli Bautista,"RM12,RM Certification: Technical Knowledge",85%,1/24/2023
Sarah Martinez,"RM12,RM Certification: Technical Knowledge",81%,1/24/2023
Allen Petersen,"RM12,RM Certification: Technical Knowledge",70%,1/20/2023
Eugene Crawford,"RM12,RM Certification: Technical Knowledge",92%,1/20/2023
Michael Sherman,"RM12,RM Certification: Technical Knowledge",81%,1/20/2023
Lori Randolph,"RM12,RM Certification: Technical Knowledge",92%,1/20/2023
Alicia Ward,"RM12,RM Certification: Technical Knowledge",88%,1/19/2023
Dustin Herrera,"RM12,RM Certification: Technical Knowledge",88%,1/18/2023
Kenneth Hodge,"RM12,RM Certification: Technical Knowledge",92%,1/17/2023
Michelle Smith,"RM12,RM Certification: Technical Knowledge",92%,1/17/2023
Martin Young,"RM12,RM Certification: Technical Knowledge",82%,1/16/2023
David Mcdaniel,"RM12,RM Certification: Technical Knowledge",80%,1/16/2023
Debbie Perry,"RM12,RM Certification: Technical Knowledge",85%,1/13/2023
Allison Goodwin,"RM12,RM Certification: Technical Knowledge",85%,1/11/2023
Kevin Brown,"RM12,RM Certification: Technical Knowledge",100%,1/11/2023
David Jones,"RM12,RM Certification: Technical Knowledge",100%,1/10/2023
Mathew Moon,"RM12,FBM Certification Assessment",94%,10/24/2023
Erika Waters,"RM12,FBM Certification Assessment",98%,10/23/2023
Brian Phillips,"RM12,FBM Certification Assessment",92%,10/23/2023
Gina Smith,"RM12,FBM Certification Assessment",100%,10/23/2023
Pamela Osborne,"RM12,FBM Certification Assessment",86%,10/19/2023
Ricky Woods,"RM12,FBM Certification Assessment",96%,10/19/2023
Alexander Garcia,"RM12,FBM Certification Assessment",83%,10/17/2023
Danny Knox,"RM12,FBM Certification Assessment",92%,9/28/2023
Pamela Davila,"RM12,FBM Certification Assessment",80%,9/28/2023
Bryce Allen,"RM12,FBM Certification Assessment",91%,9/22/2023
Rebekah Cantu,"RM12,FBM Certification Assessment",91%,9/21/2023
Emma Cox,"RM12,FBM Certification Assessment",100%,9/21/2023
Stephanie Smith,"RM12,FBM Certification Assessment",90%,9/21/2023
Shawn Wolfe,"RM12,FBM Certification Assessment",67%,9/20/2023
Paula Nash,"RMX,FBM Certification Assessment",99%,9/20/2023
Jason Marsh,"RM12,FBM Certification Assessment",90%,9/13/2023
Jordan Steele,"RM12,FBM Certification Assessment",87%,9/11/2023
Megan Mercer,"RM12,FBM Certification Assessment",95%,9/7/2023
Robert Gallagher,"RM12,FBM Certification Assessment",86%,8/25/2023
Hannah Mcdonald,"RM12,FBM Certification Assessment",89%,8/25/2023
Annette Hernandez,"RM12,FBM Certification Assessment",95%,8/21/2023
Jorge Johnson,"RM12,FBM Certification Assessment",86%,8/3/2023
Makayla Hernandez,"RM12,FBM Certification Assessment",98%,8/2/2023
Joseph Lamb,"RM12,FBM Certification Assessment",99%,7/31/2023
Jasmine Smith,"RM12,FBM Certification Assessment",90%,7/31/2023
Donna Erickson,"RM12,FBM Certification Assessment",92%,7/27/2023
Jill Rodriguez,"RM12,FBM Certification Assessment",90%,7/26/2023
Courtney Johnston,"RM12,FBM Certification Assessment",79%,7/13/2023
Kara Greer,"RM12,FBM Certification Assessment",89%,6/22/2023
Thomas Richards,"RM12,FBM Certification Assessment",84%,6/8/2023
Michael Allen,"RM12,FBM Certification Assessment",97%,6/8/2023
Sabrina Jones,"RM12,FBM Certification Assessment",97%,5/25/2023
David Whitney,"RM12,FBM Certification Assessment",98%,5/8/2023
Kathleen Cain,"RM12,FBM Certification Assessment",87%,4/20/2023
Joseph Ellis,"RM12,FBM Certification Assessment",89%,4/20/2023
Donald Wilson,"RM12,FBM Certification Assessment",94%,4/6/2023
Omar Collins,"RM12,FBM Certification Assessment",89%,3/30/2023
Linda Andrews,"RM12,FBM Certification Assessment",93%,3/23/2023
Jessica Santana,"RM12,FBM Certification Assessment",95%,3/23/2023
Richard Johnson,"RM12,FBM Certification Assessment",81%,3/16/2023
Brenda Henderson,"RM12,FBM Certification Assessment",90%,3/16/2023
Jeffrey Burgess,"RM12,FBM Certification Assessment",96%,3/16/2023
Brian Murray,"RM12,FBM Certification Assessment",89%,3/9/2023
Chad Graham,"RM12,FBM Certification Assessment",100%,3/9/2023
Shannon Olson,"RM12,FBM Certification Assessment",90%,2/23/2023
Terri Berry,"RM12,FBM Certification Assessment",80%,2/23/2023
Mark Brady,"RM12,FBM Certification Assessment",89%,2/23/2023
Christina Fisher,"RM12,FBM Certification Assessment",92%,2/16/2023
Blake Howell,"RM12,FBM Certification Assessment",92%,2/16/2023
Julie Hernandez,"RM12,FBM Certification Assessment",96%,2/14/2023
Michael Owens,"RM12,FBM Certification Assessment",87%,2/9/2023
Deborah Crawford,"RM12,FBM Certification Assessment",70%,1/26/2023
Darryl Spencer,"RM12,FBM Certification Assessment",95%,1/26/2023
Lacey Williams,"RM12,FBM Certification Assessment",97%,1/19/2023
Eric Weber,"RM12,FBM Certification Assessment",41%,1/19/2023
Jack Newton,"RM12,FBM Certification Assessment",90%,1/19/2023
